pirates-of-the-caribbean-the-curse-of-the-black-pearl,0.987051
pirates-of-the-caribbean-at-worlds-end,0.785624
pirates-of-the-caribbean-dead-mans-chest,0.785624
pirates-of-the-caribbean-dead-men-tell-no-tales,0.670428
ned-kelly,0.430043
bend-it-like-beckham,0.264264
pride-prejudice,0.0991032
don-juan-demarco,0.0991032
very-annie-mary,0.0991032
the-ninth-gate,0.0991032
gods-of-egypt,0.0991032
dark-shadows,0.0991032
from-hell,0.0991032
seeking-a-friend-for-the-end-of-the-world,0.0991032
kingdom-of-heaven,0.0991032
domino,0.0991032
shine,0.0991032
once-upon-a-time-in-mexico,0.0991032
house-on-haunted-hill,0.0991032
the-tailor-of-panama,0.0991032
jack-ryan-shadow-recruit,0.0991032
laggies,0.0991032
transcendence,0.0991032
into-the-woods,0.0991032
fear-and-loathing-in-las-vegas,0.0991032
tomorrow-never-dies,0.0991032
king-arthur,0.0991032
the-astronauts-wife,0.0991032
sleepy-hollow,0.0991032
corpse-bride,0.0991032
lone-ranger,0.0991032
sweeney-todd-the-demon-barber-of-fleet-street,0.0991032
dead-man,0.0991032
public-enemies,0.0991032
the-imitation-game,0.0991032
minions,0.0991032
alice-through-the-looking-glass,0.0991032
shakespeare-in-love,0.0991032
the-lord-of-the-rings-the-return-of-the-king,0.0991032
edward-scissorhands,0.0991032
brazil,0.0991032
blow,0.0991032
evita,0.0991032
de-lovely,0.0991032
ed-wood,0.0991032
the-book-thief,0.0991032
the-hobbit-the-battle-of-the-five-armies,0.0991032
elizabethtown,0.0991032
digging-for-fire,0.0991032
the-salvation,0.0991032
