taken-2,0.785624
taken,0.785624
taken-3,0.772203
rob-roy,0.0991032
a-million-ways-to-die-in-the-west,0.0991032
gun-shy,0.0991032
unknown-2011,0.0991032
x-men-the-last-stand,0.0991032
the-lego-movie,0.0991032
the-a-team,0.0991032
seraphim-falls,0.0991032
lockout,0.0991032
run-all-night,0.0991032
darkman,0.0991032
clash-of-the-titans-2,0.0991032
a-monster-calls,0.0991032
the-grey,0.0991032
a-walk-among-the-tombstones,0.0991032
chloe,0.0991032
kinsey,0.0991032
star-wars-episode-i---the-phantom-menace,0.0991032
love-sex,0.0991032
house-on-haunted-hill,0.0991032
kingdom-of-heaven,0.0991032
michael-collins,0.0991032
non-stop-2014,0.0991032
love-actually,0.0991032
the-nut-job,0.0991032
the-choice,0.0991032
third-person,0.0991032
faster-2010,0.0991032
kahlil-gibrans-the-prophet,0.0991032
schindlers-list,0.0991032
i-spy,0.0991032
battleship,0.0991032
clash-of-the-titans,0.0991032
the-5th-wave,0.095243
