avengers,0.785624
time-bandits,0.266913
skyfall,0.0991032
the-great-train-robbery,0.0991032
spectre,0.0991032
onegin,0.0991032
clash-of-the-titans,0.0991032
never-say-never-again,0.0991032
the-truth-about-cats-dogs,0.0991032
the-reader,0.0991032
the-constant-gardener,0.0991032
the-end-of-the-affair,0.0991032
the-english-patient,0.0991032
entrapment,0.0991032
even-cowgirls-get-the-blues,0.0991032
finding-forrester,0.0991032
gattaca,0.0991032
the-grand-budapest-hotel,0.0991032
paycheck,0.0991032
hail-caesar!,0.0991032
highlander,0.0991032
the-hunt-for-red-october,0.0991032
kill-bill-vol-2,0.0991032
kubo-and-the-two-strings,0.0991032
the-league-of-extraordinary-gentlemen,0.0991032
mad-dog-and-glory,0.0991032
maid-in-manhattan,0.0991032
kill-bill-vol-1,0.0991032
prime,0.0991032
the-prince-of-egypt,0.0991032
the-producers,0.0991032
red-dragon,0.0991032
wallace-gromit-the-curse-of-the-were-rabbit,0.0991032
schindlers-list,0.0991032
my-super-ex-girlfriend,0.0991032
rising-sun,0.0991032
the-untouchables,0.0991032
be-cool,0.0991032
